,Methane (ppb),Moisture,Temperature,Humidity,R2611E,R2600,R2602,R2611C,RMQ4
count,14186.0,14186.0,14186.0,14186.0,14186.0,14186.0,14186.0,14186.0,14186.0
mean,3015.475723318765,14055.891872768927,18.775828281404202,59.385358804455095,82602.45926729734,15957.486648439448,17673.691832626533,33005.662419833636,74589.57800165233
std,1355.715143864391,5859.895950955636,7.375368601425091,5.548621622086773,18564.671091792323,4038.689109435204,4774.627038490043,8486.200739731676,18742.744027788754
min,1945.53885,5909.54515,9.015,31.35,32507.85546,9905.999842,7814.939082,18798.04645,43355.04695
25%,2146.85075,8130.856125,9.76625,55.45,66905.9339775,12419.634285,12573.84541,24754.323852499998,57877.596829999995
50%,2464.9471,12387.07475,19.495,59.4,84209.89171,14580.858075,18765.98217,32794.88071,70649.036375
75%,3381.5191,20058.857375,24.54,63.5,97799.228,20205.85541,20738.975425,40326.722615,90807.7091
max,9997.93065,27074.625,30.165,73.5,117652.9455,26192.00078,37286.60409,51786.95123,128762.6038
