,Methane (ppb),Moisture,Temperature,Humidity,R2611E,R2600,R2602,R2611C,RMQ4
count,14186.0,14186.0,14186.0,14186.0,14186.0,14186.0,14186.0,14186.0,14186.0
mean,3015.475723318765,14055.891872768927,18.775828281404202,59.385358804455095,79788.55556048287,17798.66821097279,21706.92185420365,31932.943921429578,59872.91895179191
std,1355.715143864391,5859.895950955636,7.375368601425091,5.548621622086773,17210.856118701227,4494.58601851125,5665.863702285172,8216.909090359297,12916.562275004006
min,1945.53885,5909.54515,9.015,31.35,32997.04167,11149.40557,9687.490389,18254.30142,33481.29763
25%,2146.85075,8130.856125,9.76625,55.45,65701.06361499999,13970.4563475,15783.4924725,23913.59597,48187.384975
50%,2464.9471,12387.07475,19.495,59.4,81808.28082,16137.35687,23115.19732,31715.41639,59584.497644999996
75%,3381.5191,20058.857375,24.54,63.5,94156.26547,22553.19217,25313.68343,39112.3411625,70731.30355
max,9997.93065,27074.625,30.165,73.5,113205.4024,29146.51477,46503.22175,50091.77013,88013.52919
