,Methane (ppb),Moisture,Temperature,Humidity,R2611E,R2600,R2602,R2611C,RMQ4
count,14186.0,14186.0,14186.0,14186.0,14186.0,14186.0,14186.0,14186.0,14186.0
mean,3015.475723318765,14055.891872768927,18.775828281404202,59.385358804455095,84060.37082202593,17798.66821097279,17542.41588139722,32465.132009702527,69636.37028682363
std,1355.715143864391,5859.895950955636,7.375368601425091,5.548621622086773,19024.16158381936,4494.58601851125,4400.48906098033,8281.030563557155,16072.052514912582
min,1945.53885,5909.54515,9.015,31.35,33925.25868,11149.40557,8140.154009,18439.04159,40000.0
25%,2146.85075,8130.856125,9.76625,55.45,67752.6091825,13970.4563475,12845.9704875,24409.9904475,54935.06494
50%,2464.9471,12387.07475,19.495,59.4,85821.31618,16137.35687,18889.39353,32379.428815,68125.0
75%,3381.5191,20058.857375,24.54,63.5,99766.841475,22553.19217,20257.93416,39550.6237075,84339.62264
max,9997.93065,27074.625,30.165,73.5,119799.4181,29146.51477,36623.10599,50644.46046,111951.2195
